-- 插入用户数据
INSERT INTO t_user (id, username, name, age, gender, email, phone, address, create_time, update_time, version)
VALUES
('U001', 'zhangsan', '张三', 28, '男', 'zhangsan@example.com', '13800138001', '北京市朝阳区', CURRENT_TIMESTAMP, CURRENT_TIMESTAMP, 0),
('U002', 'lisi', '李四', 32, '男', 'lisi@example.com', '13800138002', '上海市浦东新区', CURRENT_TIMESTAMP, CURRENT_TIMESTAMP, 0),
('U003', 'wangwu', '王五', 26, '男', 'wangwu@example.com', '13800138003', '广州市天河区', CURRENT_TIMESTAMP, CURRENT_TIMESTAMP, 0),
('U004', 'zhaoliu', '赵六', 30, '女', 'zhaoliu@example.com', '13800138004', '深圳市南山区', CURRENT_TIMESTAMP, CURRENT_TIMESTAMP, 0),
('U005', 'sunqi', '孙七', 25, '女', 'sunqi@example.com', '13800138005', '杭州市西湖区', CURRENT_TIMESTAMP, CURRENT_TIMESTAMP, 0),
('U006', 'zhouba', '周八', 35, '男', 'zhouba@example.com', '13800138006', '成都市武侯区', CURRENT_TIMESTAMP, CURRENT_TIMESTAMP, 0),
('U007', 'wujiu', '吴九', 27, '女', 'wujiu@example.com', '13800138007', '武汉市洪山区', CURRENT_TIMESTAMP, CURRENT_TIMESTAMP, 0),
('U008', 'zhengshi', '郑十', 33, '男', 'zhengshi@example.com', '13800138008', '南京市玄武区', CURRENT_TIMESTAMP, CURRENT_TIMESTAMP, 0),
('U009', 'yangsw', '杨十一', 29, '女', 'yangsw@example.com', '13800138009', '重庆市渝中区', CURRENT_TIMESTAMP, CURRENT_TIMESTAMP, 0),
('U010', 'weiser', '魏十二', 31, '男', 'weiser@example.com', '13800138010', '西安市雁塔区', CURRENT_TIMESTAMP, CURRENT_TIMESTAMP, 0);

-- 插入商品数据
INSERT INTO t_product (id, product_name, category, price, stock, description, create_time, update_time, version)
VALUES
('P001', 'iPhone 14 Pro', '手机', 7999.00, 100, 'Apple iPhone 14 Pro 256G 午夜色', CURRENT_TIMESTAMP, CURRENT_TIMESTAMP, 0),
('P002', 'MacBook Pro 14英寸', '笔记本电脑', 14999.00, 50, 'Apple MacBook Pro 14英寸 M1 Pro芯片 16G 512G', CURRENT_TIMESTAMP, CURRENT_TIMESTAMP, 0),
('P003', 'iPad Air', '平板电脑', 4999.00, 80, 'Apple iPad Air 10.9英寸 64G WLAN版', CURRENT_TIMESTAMP, CURRENT_TIMESTAMP, 0),
('P004', 'AirPods Pro', '耳机', 1999.00, 200, 'Apple AirPods Pro 主动降噪无线耳机', CURRENT_TIMESTAMP, CURRENT_TIMESTAMP, 0),
('P005', 'Apple Watch Series 8', '智能手表', 3299.00, 60, 'Apple Watch Series 8 GPS 45mm', CURRENT_TIMESTAMP, CURRENT_TIMESTAMP, 0),
('P006', '小米13', '手机', 4999.00, 120, '小米13 12+256G 远山白', CURRENT_TIMESTAMP, CURRENT_TIMESTAMP, 0),
('P007', 'RedmiBook Pro 15', '笔记本电脑', 6299.00, 40, '小米 RedmiBook Pro 15 i7 16G 512G', CURRENT_TIMESTAMP, CURRENT_TIMESTAMP, 0),
('P008', '小米平板5 Pro', '平板电脑', 2999.00, 70, '小米平板5 Pro 11英寸 6+128G WIFI版', CURRENT_TIMESTAMP, CURRENT_TIMESTAMP, 0),
('P009', '华为 P50 Pro', '手机', 6488.00, 90, '华为 P50 Pro 8+256G 曜金黑', CURRENT_TIMESTAMP, CURRENT_TIMESTAMP, 0),
('P010', '华为 MateBook X Pro', '笔记本电脑', 9999.00, 30, '华为 MateBook X Pro 2022款 i7 16G 512G', CURRENT_TIMESTAMP, CURRENT_TIMESTAMP, 0),
('P011', '华为 MatePad Pro', '平板电脑', 3799.00, 60, '华为 MatePad Pro 11英寸 8+128G WIFI版', CURRENT_TIMESTAMP, CURRENT_TIMESTAMP, 0),
('P012', 'OPPO Find X6 Pro', '手机', 5999.00, 80, 'OPPO Find X6 Pro 12+256G 暗夜黑', CURRENT_TIMESTAMP, CURRENT_TIMESTAMP, 0),
('P013', 'vivo X90 Pro', '手机', 5999.00, 85, 'vivo X90 Pro 12+256G 传奇黑', CURRENT_TIMESTAMP, CURRENT_TIMESTAMP, 0),
('P014', '联想小新Pro 16', '笔记本电脑', 5999.00, 35, '联想小新Pro 16 R7 16G 512G', CURRENT_TIMESTAMP, CURRENT_TIMESTAMP, 0),
('P015', '戴尔 XPS 13', '笔记本电脑', 9999.00, 25, '戴尔 XPS 13 i7 16G 512G', CURRENT_TIMESTAMP, CURRENT_TIMESTAMP, 0);

-- 插入订单数据
INSERT INTO t_order (id, user_id, product_id, quantity, total_price, order_time, status, create_time, update_time, version)
VALUES
('O001', 'U001', 'P001', 1, 7999.00, DATEADD('DAY', -10, CURRENT_TIMESTAMP), 'COMPLETED', CURRENT_TIMESTAMP, CURRENT_TIMESTAMP, 0),
('O002', 'U001', 'P004', 2, 3998.00, DATEADD('DAY', -8, CURRENT_TIMESTAMP), 'COMPLETED', CURRENT_TIMESTAMP, CURRENT_TIMESTAMP, 0),
('O003', 'U002', 'P002', 1, 14999.00, DATEADD('DAY', -5, CURRENT_TIMESTAMP), 'COMPLETED', CURRENT_TIMESTAMP, CURRENT_TIMESTAMP, 0),
('O004', 'U003', 'P003', 1, 4999.00, DATEADD('DAY', -3, CURRENT_TIMESTAMP), 'COMPLETED', CURRENT_TIMESTAMP, CURRENT_TIMESTAMP, 0),
('O005', 'U004', 'P006', 1, 4999.00, DATEADD('DAY', -7, CURRENT_TIMESTAMP), 'COMPLETED', CURRENT_TIMESTAMP, CURRENT_TIMESTAMP, 0),
('O006', 'U005', 'P009', 1, 6488.00, DATEADD('DAY', -4, CURRENT_TIMESTAMP), 'COMPLETED', CURRENT_TIMESTAMP, CURRENT_TIMESTAMP, 0),
('O007', 'U001', 'P005', 1, 3299.00, DATEADD('DAY', -2, CURRENT_TIMESTAMP), 'COMPLETED', CURRENT_TIMESTAMP, CURRENT_TIMESTAMP, 0),
('O008', 'U002', 'P007', 1, 6299.00, DATEADD('DAY', -1, CURRENT_TIMESTAMP), 'COMPLETED', CURRENT_TIMESTAMP, CURRENT_TIMESTAMP, 0),
('O009', 'U003', 'P008', 1, 2999.00, DATEADD('DAY', -6, CURRENT_TIMESTAMP), 'COMPLETED', CURRENT_TIMESTAMP, CURRENT_TIMESTAMP, 0),
('O010', 'U006', 'P010', 1, 9999.00, DATEADD('DAY', -9, CURRENT_TIMESTAMP), 'COMPLETED', CURRENT_TIMESTAMP, CURRENT_TIMESTAMP, 0),
('O011', 'U007', 'P011', 1, 3799.00, DATEADD('DAY', -5, CURRENT_TIMESTAMP), 'COMPLETED', CURRENT_TIMESTAMP, CURRENT_TIMESTAMP, 0),
('O012', 'U008', 'P013', 1, 5999.00, DATEADD('DAY', -3, CURRENT_TIMESTAMP), 'COMPLETED', CURRENT_TIMESTAMP, CURRENT_TIMESTAMP, 0),
('O013', 'U009', 'P014', 1, 5999.00, DATEADD('DAY', -2, CURRENT_TIMESTAMP), 'COMPLETED', CURRENT_TIMESTAMP, CURRENT_TIMESTAMP, 0),
('O014', 'U010', 'P015', 1, 9999.00, DATEADD('DAY', -1, CURRENT_TIMESTAMP), 'COMPLETED', CURRENT_TIMESTAMP, CURRENT_TIMESTAMP, 0),
('O015', 'U001', 'P012', 1, 5999.00, CURRENT_TIMESTAMP, 'PROCESSING', CURRENT_TIMESTAMP, CURRENT_TIMESTAMP, 0),
('O016', 'U002', 'P013', 1, 5999.00, CURRENT_TIMESTAMP, 'PROCESSING', CURRENT_TIMESTAMP, CURRENT_TIMESTAMP, 0),
('O017', 'U003', 'P001', 1, 7999.00, CURRENT_TIMESTAMP, 'PROCESSING', CURRENT_TIMESTAMP, CURRENT_TIMESTAMP, 0),
('O018', 'U004', 'P002', 1, 14999.00, CURRENT_TIMESTAMP, 'PROCESSING', CURRENT_TIMESTAMP, CURRENT_TIMESTAMP, 0),
('O019', 'U005', 'P003', 1, 4999.00, CURRENT_TIMESTAMP, 'PROCESSING', CURRENT_TIMESTAMP, CURRENT_TIMESTAMP, 0),
('O020', 'U006', 'P004', 2, 3998.00, CURRENT_TIMESTAMP, 'PROCESSING', CURRENT_TIMESTAMP, CURRENT_TIMESTAMP, 0); 