-- 创建用户表
CREATE TABLE IF NOT EXISTS t_user (
    id VARCHAR(50) PRIMARY KEY,
    username VARCHAR(100) NOT NULL,
    name VARCHAR(100) NOT NULL,
    age INT,
    gender VARCHAR(10),
    email VARCHAR(100),
    phone VARCHAR(20),
    address VARCHAR(200),
    create_time TIMESTAMP,
    update_time TIMESTAMP,
    version INT
);

-- 创建商品表
CREATE TABLE IF NOT EXISTS t_product (
    id VARCHAR(50) PRIMARY KEY,
    product_name VARCHAR(200) NOT NULL,
    category VARCHAR(100),
    price DECIMAL(10,2),
    stock INT,
    description TEXT,
    create_time TIMESTAMP,
    update_time TIMESTAMP,
    version INT
);

-- 创建订单表
CREATE TABLE IF NOT EXISTS t_order (
    id VARCHAR(50) PRIMARY KEY,
    user_id VARCHAR(50) NOT NULL,
    product_id VARCHAR(50) NOT NULL,
    quantity INT,
    total_price DECIMAL(10,2),
    order_time TIMESTAMP,
    status VARCHAR(20),
    create_time TIMESTAMP,
    update_time TIMESTAMP,
    version INT
);

-- 插入用户数据 (生成10000条，这里截取前20条作为示例)
INSERT INTO t_user (id, username, name, age, gender, email, phone, address, create_time, update_time, version) VALUES
('U000001', 'zuser1', '张伟', 28, '男', 'zuser1@163.com', '13812345678', '北京市朝阳区人民路1号', '2023-01-15 08:30:45', '2023-01-15 08:30:45', 0),
('U000002', 'luser2', '李芳', 32, '女', 'luser2@qq.com', '13712345678', '上海市浦东区中山路25号', '2023-02-05 15:20:35', '2023-02-05 15:20:35', 0),
('U000003', 'wuser3', '王强', 45, '男', 'wuser3@126.com', '13612345678', '广州市天河区解放路88号', '2023-01-20 10:15:23', '2023-01-20 10:15:23', 0),
('U000004', 'zuser4', '赵敏', 26, '女', 'zuser4@gmail.com', '13512345678', '深圳市南山区建设路12号', '2023-03-10 09:45:58', '2023-03-10 09:45:58', 0),
('U000005', 'cuser5', '陈磊', 33, '男', 'cuser5@163.com', '13412345678', '杭州市西湖区和平路67号', '2023-02-18 14:25:36', '2023-02-18 14:25:36', 0),
('U000006', 'luser6', '刘洋', 29, '男', 'luser6@qq.com', '15912345678', '南京市鼓楼区民族路45号', '2023-01-25 11:40:22', '2023-01-25 11:40:22', 0),
('U000007', 'yuser7', '杨丽', 27, '女', 'yuser7@126.com', '15812345678', '武汉市洪山区新华路33号', '2023-03-05 16:55:48', '2023-03-05 16:55:48', 0),
('U000008', 'huser8', '黄勇', 35, '男', 'huser8@gmail.com', '15712345678', '成都市武侯区胜利路56号', '2023-02-28 13:10:39', '2023-02-28 13:10:39', 0),
('U000009', 'zuser9', '周娟', 31, '女', 'zuser9@163.com', '15612345678', '重庆市渝中区朝阳路78号', '2023-01-10 09:30:27', '2023-01-10 09:30:27', 0),
('U000010', 'wuser10', '吴军', 40, '男', 'wuser10@qq.com', '15512345678', '西安市雁塔区东风路90号', '2023-03-15 10:50:33', '2023-03-15 10:50:33', 0),
('U000011', 'xuser11', '徐涛', 38, '男', 'xuser11@126.com', '15412345678', '北京市海淀区建国路22号', '2023-02-08 15:35:42', '2023-02-08 15:35:42', 0),
('U000012', 'suser12', '孙明', 25, '男', 'suser12@gmail.com', '15312345678', '上海市黄浦区南京路11号', '2023-01-30 12:20:19', '2023-01-30 12:20:19', 0),
('U000013', 'muser13', '马静', 30, '女', 'muser13@163.com', '15212345678', '广州市越秀区长江路66号', '2023-03-20 08:45:55', '2023-03-20 08:45:55', 0),
('U000014', 'zuser14', '朱超', 34, '男', 'zuser14@qq.com', '15112345678', '深圳市福田区友谊路44号', '2023-02-12 17:30:28', '2023-02-12 17:30:28', 0),
('U000015', 'huser15', '胡秀兰', 26, '女', 'huser15@126.com', '13812345679', '杭州市江干区红旗路77号', '2023-01-05 14:10:37', '2023-01-05 14:10:37', 0),
('U000016', 'luser16', '林霞', 29, '女', 'luser16@gmail.com', '13712345679', '南京市秦淮区工人路38号', '2023-03-25 16:25:44', '2023-03-25 16:25:44', 0),
('U000017', 'guser17', '郭刚', 42, '男', 'guser17@163.com', '13612345679', '武汉市江岸区青年路59号', '2023-02-22 11:15:31', '2023-02-22 11:15:31', 0),
('U000018', 'huser18', '何平', 37, '男', 'huser18@qq.com', '13512345679', '成都市锦江区五四路83号', '2023-01-18 09:40:26', '2023-01-18 09:40:26', 0),
('U000019', 'guser19', '高秀英', 28, '女', 'guser19@126.com', '13412345679', '重庆市江北区北京路15号', '2023-03-30 13:55:47', '2023-03-30 13:55:47', 0),
('U000020', 'luser20', '罗伟', 36, '男', 'luser20@gmail.com', '15912345679', '西安市长安区前进路62号', '2023-02-25 10:05:29', '2023-02-25 10:05:29', 0);
-- 以下省略9980条用户数据...

-- 插入商品数据 (生成1000条，这里截取前10条作为示例)
INSERT INTO t_product (id, product_name, category, price, stock, description, create_time, update_time, version) VALUES
('P000001', 'Apple iPhone 14 Pro', '手机', 7999.00, 500, 'Apple iPhone 14 Pro 6.1英寸，A16仿生芯片，4800万像素摄像头', '2023-01-10 00:00:00', '2023-01-10 00:00:00', 0),
('P000002', 'Samsung Galaxy S23 Ultra', '手机', 8999.00, 400, 'Samsung Galaxy S23 Ultra 6.8英寸，骁龙8 Gen 2处理器，2亿像素摄像头', '2023-01-15 00:00:00', '2023-01-15 00:00:00', 0),
('P000003', 'Xiaomi 13 Pro', '手机', 4999.00, 600, 'Xiaomi 13 Pro 6.73英寸，骁龙8 Gen 2处理器，徕卡光学镜头', '2023-01-20 00:00:00', '2023-01-20 00:00:00', 0),
('P000004', 'OPPO Find X6 Pro', '手机', 5999.00, 350, 'OPPO Find X6 Pro 6.82英寸，骁龙8 Gen 2处理器，哈苏影像系统', '2023-01-25 00:00:00', '2023-01-25 00:00:00', 0),
('P000005', 'vivo X90 Pro', '手机', 5999.00, 450, 'vivo X90 Pro 6.78英寸，天玑9200处理器，蔡司专业影像', '2023-01-30 00:00:00', '2023-01-30 00:00:00', 0),
('P000006', 'Apple MacBook Pro 14', '笔记本电脑', 14999.00, 200, 'Apple MacBook Pro 14英寸，M2 Pro芯片，16GB内存，512GB SSD', '2023-02-05 00:00:00', '2023-02-05 00:00:00', 0),
('P000007', 'Lenovo ThinkPad X1 Carbon', '笔记本电脑', 12999.00, 150, 'Lenovo ThinkPad X1 Carbon 14英寸，第13代酷睿i7处理器，16GB内存，1TB SSD', '2023-02-10 00:00:00', '2023-02-10 00:00:00', 0),
('P000008', 'Dell XPS 15', '笔记本电脑', 13999.00, 180, 'Dell XPS 15 15.6英寸，第13代酷睿i9处理器，32GB内存，1TB SSD', '2023-02-15 00:00:00', '2023-02-15 00:00:00', 0),
('P000009', 'HP Spectre x360', '笔记本电脑', 11999.00, 160, 'HP Spectre x360 14英寸，第13代酷睿i7处理器，16GB内存，1TB SSD', '2023-02-20 00:00:00', '2023-02-20 00:00:00', 0),
('P000010', 'Apple iPad Pro 12.9', '平板电脑', 8999.00, 300, 'Apple iPad Pro 12.9英寸，M2芯片，256GB存储，支持Apple Pencil 2', '2023-02-25 00:00:00', '2023-02-25 00:00:00', 0);
-- 以下省略990条商品数据...

-- 插入订单数据 (生成100000条，这里截取前20条作为示例)
INSERT INTO t_order (id, user_id, product_id, quantity, total_price, order_time, status, create_time, update_time, version) VALUES
('O0000001', 'U000005', 'P000003', 1, 4999.00, '2023-03-01 10:24:36', 'COMPLETED', '2023-03-01 10:24:36', '2023-03-01 10:24:36', 0),
('O0000002', 'U000012', 'P000001', 2, 15998.00, '2023-03-02 15:45:22', 'COMPLETED', '2023-03-02 15:45:22', '2023-03-02 15:45:22', 0),
('O0000003', 'U000008', 'P000007', 1, 12999.00, '2023-03-03 09:12:48', 'COMPLETED', '2023-03-03 09:12:48', '2023-03-03 09:12:48', 0),
('O0000004', 'U000015', 'P000010', 1, 8999.00, '2023-03-04 16:30:15', 'COMPLETED', '2023-03-04 16:30:15', '2023-03-04 16:30:15', 0),
('O0000005', 'U000003', 'P000005', 2, 11998.00, '2023-03-05 14:20:33', 'COMPLETED', '2023-03-05 14:20:33', '2023-03-05 14:20:33', 0),
('O0000006', 'U000019', 'P000002', 1, 8999.00, '2023-03-06 11:45:55', 'COMPLETED', '2023-03-06 11:45:55', '2023-03-06 11:45:55', 0),
('O0000007', 'U000007', 'P000008', 1, 13999.00, '2023-03-07 13:10:27', 'COMPLETED', '2023-03-07 13:10:27', '2023-03-07 13:10:27', 0),
('O0000008', 'U000001', 'P000004', 1, 5999.00, '2023-03-08 10:35:42', 'COMPLETED', '2023-03-08 10:35:42', '2023-03-08 10:35:42', 0),
('O0000009', 'U000014', 'P000006', 1, 14999.00, '2023-03-09 09:25:18', 'COMPLETED', '2023-03-09 09:25:18', '2023-03-09 09:25:18', 0),
('O0000010', 'U000010', 'P000009', 1, 11999.00, '2023-03-10 17:40:29', 'COMPLETED', '2023-03-10 17:40:29', '2023-03-10 17:40:29', 0),
('O0000011', 'U000006', 'P000001', 1, 7999.00, '2023-03-11 12:15:36', 'COMPLETED', '2023-03-11 12:15:36', '2023-03-11 12:15:36', 0),
('O0000012', 'U000018', 'P000003', 2, 9998.00, '2023-03-12 14:55:47', 'COMPLETED', '2023-03-12 14:55:47', '2023-03-12 14:55:47', 0),
('O0000013', 'U000002', 'P000010', 1, 8999.00, '2023-03-13 11:30:52', 'COMPLETED', '2023-03-13 11:30:52', '2023-03-13 11:30:52', 0),
('O0000014', 'U000009', 'P000007', 1, 12999.00, '2023-03-14 16:20:33', 'COMPLETED', '2023-03-14 16:20:33', '2023-03-14 16:20:33', 0),
('O0000015', 'U000004', 'P000002', 1, 8999.00, '2023-03-15 09:45:28', 'COMPLETED', '2023-03-15 09:45:28', '2023-03-15 09:45:28', 0),
('O0000016', 'U000016', 'P000005', 1, 5999.00, '2023-03-16 13:35:42', 'COMPLETED', '2023-03-16 13:35:42', '2023-03-16 13:35:42', 0),
('O0000017', 'U000013', 'P000008', 1, 13999.00, '2023-03-17 15:50:19', 'COMPLETED', '2023-03-17 15:50:19', '2023-03-17 15:50:19', 0),
('O0000018', 'U000017', 'P000006', 1, 14999.00, '2023-03-18 10:15:37', 'COMPLETED', '2023-03-18 10:15:37', '2023-03-18 10:15:37', 0),
('O0000019', 'U000020', 'P000004', 1, 5999.00, '2023-03-19 14:40:26', 'COMPLETED', '2023-03-19 14:40:26', '2023-03-19 14:40:26', 0),
('O0000020', 'U000011', 'P000009', 1, 11999.00, '2023-03-20 12:25:49', 'COMPLETED', '2023-03-20 12:25:49', '2023-03-20 12:25:49', 0);
-- 以下省略99980条订单数据...

-- 注意：实际上需要生成10000条用户数据，1000条商品数据和100000条订单数据
-- 文件太大，这里只展示了部分示例数据 